check	memory_alias_bindings	memory_alias_bindings_payload_object	SURVIVED	RESTORED	WATCHDOG VERDICT: PASS scope=FOCUSED tests=542 pass=542 fail=0 cancelled=0 skipped=0 todo=0
check	memory_alias_protected_domains	memory_alias_protected_domains_host_form	KILLED	RESTORED	WATCHDOG VERDICT: FAIL scope=FOCUSED tests=542 pass=540 fail=2 cancelled=0 skipped=0 todo=0
check	memory_alias_tenant_policy	memory_alias_tenant_policy_domain	KILLED	RESTORED	WATCHDOG VERDICT: FAIL scope=FOCUSED tests=542 pass=540 fail=2 cancelled=0 skipped=0 todo=0
check	memory_authorization_receipts	memory_authorization_receipts_payload_object	SURVIVED	RESTORED	WATCHDOG VERDICT: PASS scope=FOCUSED tests=542 pass=542 fail=0 cancelled=0 skipped=0 todo=0
check	memory_identity_edges	memory_identity_edges_authorization_binding	KILLED	RESTORED	WATCHDOG VERDICT: FAIL scope=FOCUSED tests=542 pass=540 fail=2 cancelled=0 skipped=0 todo=0
check	memory_identity_edges	memory_identity_edges_from_binding	KILLED	RESTORED	WATCHDOG VERDICT: FAIL scope=FOCUSED tests=542 pass=540 fail=2 cancelled=0 skipped=0 todo=0
check	memory_identity_edges	memory_identity_edges_kind_binding	KILLED	RESTORED	WATCHDOG VERDICT: FAIL scope=FOCUSED tests=542 pass=540 fail=2 cancelled=0 skipped=0 todo=0
check	memory_identity_edges	memory_identity_edges_kind_domain	KILLED	RESTORED	WATCHDOG VERDICT: FAIL scope=FOCUSED tests=542 pass=541 fail=1 cancelled=0 skipped=0 todo=0
check	memory_identity_edges	memory_identity_edges_not_self	KILLED	RESTORED	WATCHDOG VERDICT: FAIL scope=FOCUSED tests=542 pass=540 fail=2 cancelled=0 skipped=0 todo=0
check	memory_identity_edges	memory_identity_edges_payload_object	SURVIVED	RESTORED	WATCHDOG VERDICT: PASS scope=FOCUSED tests=542 pass=542 fail=0 cancelled=0 skipped=0 todo=0
check	memory_identity_edges	memory_identity_edges_to_binding	KILLED	RESTORED	WATCHDOG VERDICT: FAIL scope=FOCUSED tests=542 pass=540 fail=2 cancelled=0 skipped=0 todo=0
check	memory_identity_edges	memory_identity_edges_version_positive	KILLED	RESTORED	WATCHDOG VERDICT: FAIL scope=FOCUSED tests=542 pass=541 fail=1 cancelled=0 skipped=0 todo=0
check	memory_key_destruction_obligations	memory_key_destruction_obligations_reason_domain	SURVIVED	RESTORED	WATCHDOG VERDICT: PASS scope=FOCUSED tests=542 pass=542 fail=0 cancelled=0 skipped=0 todo=0
check	memory_key_destruction_obligations	memory_key_destruction_obligations_resolution_named	SURVIVED	RESTORED	WATCHDOG VERDICT: PASS scope=FOCUSED tests=542 pass=542 fail=0 cancelled=0 skipped=0 todo=0
check	memory_key_destruction_obligations	memory_key_destruction_obligations_state_domain	SURVIVED	RESTORED	WATCHDOG VERDICT: PASS scope=FOCUSED tests=542 pass=542 fail=0 cancelled=0 skipped=0 todo=0
check	memory_key_destruction_settlements	memory_key_destruction_settlements_decided_not_future	KILLED	RESTORED	WATCHDOG VERDICT: FAIL scope=FOCUSED tests=542 pass=541 fail=1 cancelled=0 skipped=0 todo=0
check	memory_key_destruction_settlements	memory_key_destruction_settlements_decision_domain	SURVIVED	RESTORED	WATCHDOG VERDICT: PASS scope=FOCUSED tests=542 pass=542 fail=0 cancelled=0 skipped=0 todo=0
check	memory_key_destruction_settlements	memory_key_destruction_settlements_digest_shape	SURVIVED	RESTORED	WATCHDOG VERDICT: PASS scope=FOCUSED tests=542 pass=542 fail=0 cancelled=0 skipped=0 todo=0
check	memory_key_destruction_settlements	memory_key_destruction_settlements_evidence_bound	KILLED	RESTORED	WATCHDOG VERDICT: FAIL scope=FOCUSED
check	memory_key_destruction_settlements	memory_key_destruction_settlements_independent_verifier	KILLED	RESTORED	WATCHDOG VERDICT: FAIL scope=FOCUSED tests=542 pass=541 fail=1 cancelled=0 skipped=0 todo=0
check	memory_key_destruction_settlements	memory_key_destruction_settlements_policy_known	SURVIVED	RESTORED	WATCHDOG VERDICT: PASS scope=FOCUSED tests=542 pass=542 fail=0 cancelled=0 skipped=0 todo=0
check	memory_key_destruction_settlements	memory_key_destruction_settlements_states_known	SURVIVED	RESTORED	WATCHDOG VERDICT: PASS scope=FOCUSED tests=542 pass=542 fail=0 cancelled=0 skipped=0 todo=0
check	memory_legal_hold_carve_outs	memory_legal_hold_carve_outs_action_domain	KILLED	RESTORED	WATCHDOG VERDICT: FAIL scope=FOCUSED tests=542 pass=541 fail=1 cancelled=0 skipped=0 todo=0
check	memory_legal_hold_carve_outs	memory_legal_hold_carve_outs_never	KILLED	RESTORED	WATCHDOG VERDICT: FAIL scope=FOCUSED tests=542 pass=540 fail=2 cancelled=0 skipped=0 todo=0
check	memory_legal_hold_records	memory_legal_hold_records_kind	KILLED	RESTORED	WATCHDOG VERDICT: FAIL scope=FOCUSED tests=542 pass=541 fail=1 cancelled=0 skipped=0 todo=0
check	memory_legal_hold_subjects	memory_legal_hold_subjects_kind	KILLED	RESTORED	WATCHDOG VERDICT: FAIL scope=FOCUSED tests=542 pass=541 fail=1 cancelled=0 skipped=0 todo=0
check	memory_legal_holds	memory_legal_holds_authority_binding	KILLED	RESTORED	WATCHDOG VERDICT: FAIL scope=FOCUSED tests=542 pass=541 fail=1 cancelled=0 skipped=0 todo=0
check	memory_legal_holds	memory_legal_holds_coverage_binding	KILLED	RESTORED	WATCHDOG VERDICT: FAIL scope=FOCUSED tests=542 pass=541 fail=1 cancelled=0 skipped=0 todo=0
check	memory_legal_holds	memory_legal_holds_coverage_domain	KILLED	RESTORED	WATCHDOG VERDICT: FAIL scope=FOCUSED tests=542 pass=541 fail=1 cancelled=0 skipped=0 todo=0
check	memory_legal_holds	memory_legal_holds_hold_binding	KILLED	RESTORED	WATCHDOG VERDICT: FAIL scope=FOCUSED tests=542 pass=541 fail=1 cancelled=0 skipped=0 todo=0
check	memory_legal_holds	memory_legal_holds_matter_binding	KILLED	RESTORED	WATCHDOG VERDICT: FAIL scope=FOCUSED tests=542 pass=541 fail=1 cancelled=0 skipped=0 todo=0
check	memory_legal_holds	memory_legal_holds_payload_object	SURVIVED	RESTORED	WATCHDOG VERDICT: PASS scope=FOCUSED tests=542 pass=542 fail=0 cancelled=0 skipped=0 todo=0
check	memory_legal_holds	memory_legal_holds_principal_binding	KILLED	RESTORED	WATCHDOG VERDICT: FAIL scope=FOCUSED tests=542 pass=541 fail=1 cancelled=0 skipped=0 todo=0
check	memory_legal_holds	memory_legal_holds_release_after_issue	KILLED	RESTORED	WATCHDOG VERDICT: FAIL scope=FOCUSED tests=542 pass=541 fail=1 cancelled=0 skipped=0 todo=0
check	memory_legal_holds	memory_legal_holds_release_witness	KILLED	RESTORED	WATCHDOG VERDICT: FAIL scope=FOCUSED tests=542 pass=541 fail=1 cancelled=0 skipped=0 todo=0
check	memory_legal_holds	memory_legal_holds_status_binding	KILLED	RESTORED	WATCHDOG VERDICT: FAIL scope=FOCUSED tests=542 pass=541 fail=1 cancelled=0 skipped=0 todo=0
check	memory_legal_holds	memory_legal_holds_status_domain	KILLED	RESTORED	WATCHDOG VERDICT: FAIL scope=FOCUSED tests=542 pass=541 fail=1 cancelled=0 skipped=0 todo=0
check	memory_legal_holds	memory_legal_holds_tenant_binding	KILLED	RESTORED	WATCHDOG VERDICT: FAIL scope=FOCUSED tests=542 pass=541 fail=1 cancelled=0 skipped=0 todo=0
check	memory_legal_holds	memory_legal_holds_user_binding	KILLED	RESTORED	WATCHDOG VERDICT: FAIL scope=FOCUSED tests=542 pass=541 fail=1 cancelled=0 skipped=0 todo=0
check	memory_legal_holds	memory_legal_holds_workspace_binding	KILLED	RESTORED	WATCHDOG VERDICT: FAIL scope=FOCUSED tests=542 pass=541 fail=1 cancelled=0 skipped=0 todo=0
check	memory_mutation_attempts	memory_mutation_attempts_payload_object	SURVIVED	RESTORED	WATCHDOG VERDICT: PASS scope=FOCUSED tests=542 pass=542 fail=0 cancelled=0 skipped=0 todo=0
check	memory_mutation_receipts	memory_mutation_receipts_action_binding	KILLED	RESTORED	WATCHDOG VERDICT: FAIL scope=FOCUSED tests=542 pass=541 fail=1 cancelled=0 skipped=0 todo=0
check	memory_mutation_receipts	memory_mutation_receipts_authorization_binding	KILLED	RESTORED	WATCHDOG VERDICT: FAIL scope=FOCUSED tests=542 pass=541 fail=1 cancelled=0 skipped=0 todo=0
check	memory_mutation_receipts	memory_mutation_receipts_id_binding	KILLED	RESTORED	WATCHDOG VERDICT: FAIL scope=FOCUSED tests=542 pass=541 fail=1 cancelled=0 skipped=0 todo=0
check	memory_mutation_receipts	memory_mutation_receipts_nonce_binding	KILLED	RESTORED	WATCHDOG VERDICT: FAIL scope=FOCUSED tests=542 pass=541 fail=1 cancelled=0 skipped=0 todo=0
check	memory_mutation_receipts	memory_mutation_receipts_nonce_digest_form	KILLED	RESTORED	WATCHDOG VERDICT: FAIL scope=FOCUSED tests=542 pass=541 fail=1 cancelled=0 skipped=0 todo=0
check	memory_mutation_receipts	memory_mutation_receipts_outcome_binding	KILLED	RESTORED	WATCHDOG VERDICT: FAIL scope=FOCUSED tests=542 pass=541 fail=1 cancelled=0 skipped=0 todo=0
check	memory_mutation_receipts	memory_mutation_receipts_outcome_domain	KILLED	RESTORED	WATCHDOG VERDICT: FAIL scope=FOCUSED tests=542 pass=541 fail=1 cancelled=0 skipped=0 todo=0
check	memory_mutation_receipts	memory_mutation_receipts_payload_object	SURVIVED	RESTORED	WATCHDOG VERDICT: PASS scope=FOCUSED tests=542 pass=542 fail=0 cancelled=0 skipped=0 todo=0
check	memory_mutation_receipts	memory_mutation_receipts_pending_is_unknown	KILLED	RESTORED	WATCHDOG VERDICT: FAIL scope=FOCUSED tests=542 pass=541 fail=1 cancelled=0 skipped=0 todo=0
check	memory_mutation_receipts	memory_mutation_receipts_phase_domain	KILLED	RESTORED	WATCHDOG VERDICT: FAIL scope=FOCUSED tests=542 pass=541 fail=1 cancelled=0 skipped=0 todo=0
check	memory_mutation_receipts	memory_mutation_receipts_principal_binding	KILLED	RESTORED	WATCHDOG VERDICT: FAIL scope=FOCUSED tests=542 pass=541 fail=1 cancelled=0 skipped=0 todo=0
check	memory_mutation_receipts	memory_mutation_receipts_target_binding	KILLED	RESTORED	WATCHDOG VERDICT: FAIL scope=FOCUSED tests=542 pass=541 fail=1 cancelled=0 skipped=0 todo=0
check	memory_mutation_receipts	memory_mutation_receipts_tenant_binding	KILLED	RESTORED	WATCHDOG VERDICT: FAIL scope=FOCUSED tests=542 pass=541 fail=1 cancelled=0 skipped=0 todo=0
check	memory_mutation_receipts	memory_mutation_receipts_user_binding	KILLED	RESTORED	WATCHDOG VERDICT: FAIL scope=FOCUSED tests=542 pass=541 fail=1 cancelled=0 skipped=0 todo=0
check	memory_mutation_receipts	memory_mutation_receipts_workspace_binding	KILLED	RESTORED	WATCHDOG VERDICT: FAIL scope=FOCUSED tests=542 pass=541 fail=1 cancelled=0 skipped=0 todo=0
check	memory_pii_key_audits	memory_pii_key_audits_state_domain	SURVIVED	RESTORED	WATCHDOG VERDICT: PASS scope=FOCUSED tests=542 pass=542 fail=0 cancelled=0 skipped=0 todo=0
check	memory_reconciliations	memory_reconciliations_authorization_binding	KILLED	RESTORED	WATCHDOG VERDICT: FAIL scope=FOCUSED tests=542 pass=541 fail=1 cancelled=0 skipped=0 todo=0
check	memory_reconciliations	memory_reconciliations_committed_observes	KILLED	RESTORED	WATCHDOG VERDICT: FAIL scope=FOCUSED tests=542 pass=540 fail=2 cancelled=0 skipped=0 todo=0
check	memory_reconciliations	memory_reconciliations_evidence_object	SURVIVED	RESTORED	WATCHDOG VERDICT: PASS scope=FOCUSED tests=542 pass=542 fail=0 cancelled=0 skipped=0 todo=0
check	memory_reconciliations	memory_reconciliations_not_committed_observes_nothing	KILLED	RESTORED	WATCHDOG VERDICT: FAIL scope=FOCUSED tests=542 pass=541 fail=1 cancelled=0 skipped=0 todo=0
check	memory_reconciliations	memory_reconciliations_receipt_binding	KILLED	RESTORED	WATCHDOG VERDICT: FAIL scope=FOCUSED tests=542 pass=541 fail=1 cancelled=0 skipped=0 todo=0
check	memory_reconciliations	memory_reconciliations_verdict_domain	KILLED	RESTORED	WATCHDOG VERDICT: FAIL scope=FOCUSED tests=542 pass=540 fail=2 cancelled=0 skipped=0 todo=0
check	memory_record_versions	memory_record_versions_payload_object	SURVIVED	RESTORED	WATCHDOG VERDICT: PASS scope=FOCUSED tests=542 pass=542 fail=0 cancelled=0 skipped=0 todo=0
check	memory_retention_obligations	memory_retention_obligations_window	KILLED	RESTORED	WATCHDOG VERDICT: FAIL scope=FOCUSED tests=542 pass=541 fail=1 cancelled=0 skipped=0 todo=0
check	memory_tombstones	memory_tombstones_payload_object	SURVIVED	RESTORED	WATCHDOG VERDICT: PASS scope=FOCUSED tests=542 pass=542 fail=0 cancelled=0 skipped=0 todo=0
trigger	memory_alias_bindings	memory_alias_bindings_exact_numbers	KILLED	RESTORED	WATCHDOG VERDICT: FAIL scope=FOCUSED tests=542 pass=541 fail=1 cancelled=0 skipped=0 todo=0
trigger	memory_alias_bindings	memory_alias_bindings_indexed	KILLED	RESTORED	WATCHDOG VERDICT: FAIL scope=FOCUSED tests=542 pass=541 fail=1 cancelled=0 skipped=0 todo=0
trigger	memory_alias_bindings	memory_alias_bindings_legal_hold	KILLED	RESTORED	WATCHDOG VERDICT: FAIL scope=FOCUSED tests=542 pass=541 fail=1 cancelled=0 skipped=0 todo=0
trigger	memory_alias_bindings	memory_alias_bindings_removal_authorization_scope	KILLED	RESTORED	WATCHDOG VERDICT: FAIL scope=FOCUSED tests=542 pass=540 fail=2 cancelled=0 skipped=0 todo=0
trigger	memory_alias_bindings	memory_alias_bindings_retire_only	KILLED	RESTORED	WATCHDOG VERDICT: FAIL scope=FOCUSED tests=542 pass=536 fail=6 cancelled=0 skipped=0 todo=0
trigger	memory_alias_bindings	memory_alias_bindings_retirement_deactivates	KILLED	RESTORED	WATCHDOG VERDICT: FAIL scope=FOCUSED tests=542 pass=541 fail=1 cancelled=0 skipped=0 todo=0
trigger	memory_alias_bindings	memory_alias_bindings_zy_authorization_action	KILLED	RESTORED	WATCHDOG VERDICT: FAIL scope=FOCUSED tests=542 pass=537 fail=5 cancelled=0 skipped=0 todo=0
trigger	memory_alias_bindings	memory_alias_bindings_zz_authorization_scope	KILLED	RESTORED	WATCHDOG VERDICT: FAIL scope=FOCUSED tests=542 pass=540 fail=2 cancelled=0 skipped=0 todo=0
trigger	memory_alias_blind_indexes	memory_alias_blind_indexes_guard	KILLED	RESTORED	WATCHDOG VERDICT: FAIL scope=FOCUSED tests=542 pass=540 fail=2 cancelled=0 skipped=0 todo=0
trigger	memory_authorization_nonces	memory_authorization_nonces_consumption_monotonic	KILLED	RESTORED	WATCHDOG VERDICT: FAIL scope=FOCUSED tests=542 pass=540 fail=2 cancelled=0 skipped=0 todo=0
trigger	memory_authorization_nonces	memory_authorization_nonces_consumption_stamped	KILLED	RESTORED	WATCHDOG VERDICT: FAIL scope=FOCUSED tests=542 pass=541 fail=1 cancelled=0 skipped=0 todo=0
trigger	memory_authorization_nonces	memory_authorization_nonces_mirror_consumption	KILLED	RESTORED	WATCHDOG VERDICT: FAIL scope=FOCUSED tests=542 pass=539 fail=3 cancelled=0 skipped=0 todo=0
trigger	memory_authorization_receipts	memory_authorization_receipts_consumption_monotonic	KILLED	RESTORED	WATCHDOG VERDICT: FAIL scope=FOCUSED tests=542 pass=541 fail=1 cancelled=0 skipped=0 todo=0
trigger	memory_authorization_receipts	memory_authorization_receipts_exact_numbers	KILLED	RESTORED	WATCHDOG VERDICT: FAIL scope=FOCUSED tests=542 pass=540 fail=2 cancelled=0 skipped=0 todo=0
trigger	memory_identity_edges	memory_identity_edges_append_only	KILLED	RESTORED	WATCHDOG VERDICT: FAIL scope=FOCUSED tests=542 pass=541 fail=1 cancelled=0 skipped=0 todo=0
trigger	memory_identity_edges	memory_identity_edges_exact_numbers	KILLED	RESTORED	WATCHDOG VERDICT: FAIL scope=FOCUSED tests=542 pass=541 fail=1 cancelled=0 skipped=0 todo=0
trigger	memory_identity_edges	memory_identity_edges_from_owner	KILLED	RESTORED	WATCHDOG VERDICT: FAIL scope=FOCUSED tests=542 pass=540 fail=2 cancelled=0 skipped=0 todo=0
trigger	memory_identity_edges	memory_identity_edges_zy_merge_chain_bounded	KILLED	RESTORED	WATCHDOG VERDICT: FAIL scope=FOCUSED tests=542 pass=541 fail=1 cancelled=0 skipped=0 todo=0
trigger	memory_identity_edges	memory_identity_edges_zz_authorization_scope	KILLED	RESTORED	WATCHDOG VERDICT: FAIL scope=FOCUSED tests=542 pass=540 fail=2 cancelled=0 skipped=0 todo=0
trigger	memory_key_destruction_obligations	memory_key_destruction_obligations_settled_frozen	KILLED	RESTORED	WATCHDOG VERDICT: FAIL scope=FOCUSED tests=542 pass=541 fail=1 cancelled=0 skipped=0 todo=0
trigger	memory_key_destruction_settlements	memory_key_destruction_settlements_append_only	KILLED	RESTORED	WATCHDOG VERDICT: FAIL scope=FOCUSED tests=542 pass=541 fail=1 cancelled=0 skipped=0 todo=0
trigger	memory_key_destruction_settlements	memory_key_destruction_settlements_bound	KILLED	RESTORED	WATCHDOG VERDICT: FAIL scope=FOCUSED tests=542 pass=539 fail=3 cancelled=0 skipped=0 todo=0
trigger	memory_legal_hold_carve_outs	memory_legal_hold_carve_outs_append_only	KILLED	RESTORED	WATCHDOG VERDICT: FAIL scope=FOCUSED tests=542 pass=541 fail=1 cancelled=0 skipped=0 todo=0
trigger	memory_legal_hold_records	memory_legal_hold_records_append_only	KILLED	RESTORED	WATCHDOG VERDICT: FAIL scope=FOCUSED tests=542 pass=541 fail=1 cancelled=0 skipped=0 todo=0
trigger	memory_legal_hold_subjects	memory_legal_hold_subjects_append_only	KILLED	RESTORED	WATCHDOG VERDICT: FAIL scope=FOCUSED tests=542 pass=541 fail=1 cancelled=0 skipped=0 todo=0
trigger	memory_legal_holds	memory_legal_holds_release_only	KILLED	RESTORED	WATCHDOG VERDICT: FAIL scope=FOCUSED tests=542 pass=540 fail=2 cancelled=0 skipped=0 todo=0
trigger	memory_mutation_attempts	memory_mutation_attempts_append_only	KILLED	RESTORED	WATCHDOG VERDICT: FAIL scope=FOCUSED tests=542 pass=541 fail=1 cancelled=0 skipped=0 todo=0
trigger	memory_mutation_attempts	memory_mutation_attempts_exact_numbers	KILLED	RESTORED	WATCHDOG VERDICT: FAIL scope=FOCUSED tests=542 pass=541 fail=1 cancelled=0 skipped=0 todo=0
trigger	memory_mutation_receipts	memory_mutation_receipts_append_only	KILLED	RESTORED	WATCHDOG VERDICT: FAIL scope=FOCUSED tests=542 pass=541 fail=1 cancelled=0 skipped=0 todo=0
trigger	memory_mutation_receipts	memory_mutation_receipts_authorized_outcome	KILLED	RESTORED	WATCHDOG VERDICT: FAIL scope=FOCUSED tests=542 pass=539 fail=3 cancelled=0 skipped=0 todo=0
trigger	memory_mutation_receipts	memory_mutation_receipts_exact_numbers	KILLED	RESTORED	WATCHDOG VERDICT: FAIL scope=FOCUSED tests=542 pass=541 fail=1 cancelled=0 skipped=0 todo=0
trigger	memory_mutation_receipts	memory_mutation_receipts_id_discipline	KILLED	RESTORED	WATCHDOG VERDICT: FAIL scope=FOCUSED tests=542 pass=538 fail=4 cancelled=0 skipped=0 todo=0
trigger	memory_mutation_receipts	memory_mutation_receipts_zz_authorization_scope	KILLED	RESTORED	WATCHDOG VERDICT: FAIL scope=FOCUSED tests=542 pass=541 fail=1 cancelled=0 skipped=0 todo=0
trigger	memory_pii_key_erasures	memory_pii_key_erasures_append_only	KILLED	RESTORED	WATCHDOG VERDICT: FAIL scope=FOCUSED tests=542 pass=541 fail=1 cancelled=0 skipped=0 todo=0
trigger	memory_reconciliations	memory_reconciliations_append_only	KILLED	RESTORED	WATCHDOG VERDICT: FAIL scope=FOCUSED tests=542 pass=541 fail=1 cancelled=0 skipped=0 todo=0
trigger	memory_reconciliations	memory_reconciliations_derivable	KILLED	RESTORED	WATCHDOG VERDICT: FAIL scope=FOCUSED tests=542 pass=535 fail=7 cancelled=0 skipped=0 todo=0
trigger	memory_record_versions	memory_record_versions_append_only	KILLED	RESTORED	WATCHDOG VERDICT: FAIL scope=FOCUSED tests=542 pass=536 fail=6 cancelled=0 skipped=0 todo=0
trigger	memory_record_versions	memory_record_versions_deletion_erases	KILLED	RESTORED	WATCHDOG VERDICT: FAIL scope=FOCUSED tests=542 pass=540 fail=2 cancelled=0 skipped=0 todo=0
trigger	memory_record_versions	memory_record_versions_exact_numbers	KILLED	RESTORED	WATCHDOG VERDICT: FAIL scope=FOCUSED tests=542 pass=538 fail=4 cancelled=0 skipped=0 todo=0
trigger	memory_record_versions	memory_record_versions_legal_hold	KILLED	RESTORED	WATCHDOG VERDICT: FAIL scope=FOCUSED tests=542 pass=539 fail=3 cancelled=0 skipped=0 todo=0
trigger	memory_record_versions	memory_record_versions_merged_frozen	KILLED	RESTORED	WATCHDOG VERDICT: FAIL scope=FOCUSED tests=542 pass=539 fail=3 cancelled=0 skipped=0 todo=0
trigger	memory_record_versions	memory_record_versions_witnessed_action_state	KILLED	RESTORED	WATCHDOG VERDICT: FAIL scope=FOCUSED tests=542 pass=539 fail=3 cancelled=0 skipped=0 todo=0
trigger	memory_record_versions	memory_record_versions_witnessed_deletion_order	KILLED	RESTORED	WATCHDOG VERDICT: FAIL scope=FOCUSED tests=542 pass=540 fail=2 cancelled=0 skipped=0 todo=0
trigger	memory_record_versions	memory_record_versions_zz_authorization_scope	KILLED	RESTORED	WATCHDOG VERDICT: FAIL scope=FOCUSED tests=542 pass=539 fail=3 cancelled=0 skipped=0 todo=0
trigger	memory_retention_obligations	memory_retention_obligations_append_only	KILLED	RESTORED	WATCHDOG VERDICT: FAIL scope=FOCUSED tests=542 pass=541 fail=1 cancelled=0 skipped=0 todo=0
trigger	memory_tombstones	memory_tombstones_aliases_erased	KILLED	RESTORED	WATCHDOG VERDICT: FAIL scope=FOCUSED tests=542 pass=541 fail=1 cancelled=0 skipped=0 todo=0
trigger	memory_tombstones	memory_tombstones_append_only	KILLED	RESTORED	WATCHDOG VERDICT: FAIL scope=FOCUSED tests=542 pass=541 fail=1 cancelled=0 skipped=0 todo=0
trigger	memory_tombstones	memory_tombstones_exact_numbers	KILLED	RESTORED	WATCHDOG VERDICT: FAIL scope=FOCUSED tests=542 pass=541 fail=1 cancelled=0 skipped=0 todo=0
trigger	memory_tombstones	memory_tombstones_zy_erasure_reaches_merged	KILLED	RESTORED	WATCHDOG VERDICT: FAIL scope=FOCUSED tests=542 pass=540 fail=2 cancelled=0 skipped=0 todo=0
